model,avg_log_loss,avg_brier,avg_accuracy,total_games
bayesian_kalman,0.6868289781538673,0.24667263133675113,0.5568867411482974,25193
gbm_ensemble,0.6699426192028742,0.23862696666624258,0.5875674753665538,25193
meta_learner,0.6690465506519097,0.23822728583426556,0.5875044655261382,25193
monte_carlo,0.6898195228671397,0.24834057107463964,0.5365891995372185,25193
